rsid,chromosome,position,allele1,allele2
rs3131972,1,752721,G,G
rs114525117,1,759036,G,G
rs4040617,1,779322,A,A
rs141175086,1,780397,C,C
rs115093905,1,787173,G,G
rs11240777,1,798959,A,G
rs6681049,1,800007,C,C
rs4422948,1,835499,A,G
rs57494724,1,837192,A,A
rs4475691,1,846808,T,C
rs6657440,1,850780,T,C
rs4970461,1,852964,G,G
rs7537756,1,854250,A,G
rs13302982,1,861808,G,G
rs2880024,1,866893,T,C
rs74047407,1,866938,A,G
rs1110052,1,873558,T,G
rs7523549,1,879317,C,C
rs2272756,1,882033,A,G
rs3748597,1,888659,C,C
rs13302957,1,891021,A,A
rs13303106,1,891945,A,G
rs13303010,1,894573,A,A
rs200468119,1,899489,G,G
rs6696281,1,903104,C,C
rs6696609,1,903426,T,C
rs28391282,1,904165,G,G
rs28477686,1,910394,T,C
rs6660139,1,916549,G,G
rs13303118,1,918384,T,G
rs2341354,1,918573,A,G
rs4970414,1,919501,T,G
rs116781904,1,919855,G,G
rs78164078,1,921071,G,G
rs6665000,1,924898,A,A
rs2341362,1,927309,C,C
rs9777703,1,928836,T,T
rs1891910,1,932457,G,G
rs35940137,1,940203,G,G
rs3128117,1,944564,T,C
rs2465126,1,947034,A,A
rs2341365,1,948692,A,A
rs786201005,1,949523,C,C
